load_percent,temperature,runtime_hours,energy_kwh
62.472407,76.300427,1.0,57.254728
97.042858,30.873984,1.0,77.058067
83.919637,23.989776,1.0,56.595303
75.919509,64.467239,1.0,65.979041
49.361118,54.468387,1.0,50.307526
